name,type,direction,description
smi_00,string,,Generated compound index 0 decorating the input scaffold with a new fragment using GenMol
smi_01,string,,Generated compound index 1 decorating the input scaffold with a new fragment using GenMol
smi_02,string,,Generated compound index 2 decorating the input scaffold with a new fragment using GenMol
smi_03,string,,Generated compound index 3 decorating the input scaffold with a new fragment using GenMol
smi_04,string,,Generated compound index 4 decorating the input scaffold with a new fragment using GenMol
smi_05,string,,Generated compound index 5 decorating the input scaffold with a new fragment using GenMol
smi_06,string,,Generated compound index 6 decorating the input scaffold with a new fragment using GenMol
smi_07,string,,Generated compound index 7 decorating the input scaffold with a new fragment using GenMol
smi_08,string,,Generated compound index 8 decorating the input scaffold with a new fragment using GenMol
smi_09,string,,Generated compound index 9 decorating the input scaffold with a new fragment using GenMol
smi_10,string,,Generated compound index 10 decorating the input scaffold with a new fragment using GenMol
smi_11,string,,Generated compound index 11 decorating the input scaffold with a new fragment using GenMol
smi_12,string,,Generated compound index 12 decorating the input scaffold with a new fragment using GenMol
smi_13,string,,Generated compound index 13 decorating the input scaffold with a new fragment using GenMol
smi_14,string,,Generated compound index 14 decorating the input scaffold with a new fragment using GenMol
smi_15,string,,Generated compound index 15 decorating the input scaffold with a new fragment using GenMol
smi_16,string,,Generated compound index 16 decorating the input scaffold with a new fragment using GenMol
smi_17,string,,Generated compound index 17 decorating the input scaffold with a new fragment using GenMol
smi_18,string,,Generated compound index 18 decorating the input scaffold with a new fragment using GenMol
smi_19,string,,Generated compound index 19 decorating the input scaffold with a new fragment using GenMol
smi_20,string,,Generated compound index 20 decorating the input scaffold with a new fragment using GenMol
smi_21,string,,Generated compound index 21 decorating the input scaffold with a new fragment using GenMol
smi_22,string,,Generated compound index 22 decorating the input scaffold with a new fragment using GenMol
smi_23,string,,Generated compound index 23 decorating the input scaffold with a new fragment using GenMol
smi_24,string,,Generated compound index 24 decorating the input scaffold with a new fragment using GenMol
smi_25,string,,Generated compound index 25 decorating the input scaffold with a new fragment using GenMol
smi_26,string,,Generated compound index 26 decorating the input scaffold with a new fragment using GenMol
smi_27,string,,Generated compound index 27 decorating the input scaffold with a new fragment using GenMol
smi_28,string,,Generated compound index 28 decorating the input scaffold with a new fragment using GenMol
smi_29,string,,Generated compound index 29 decorating the input scaffold with a new fragment using GenMol
smi_30,string,,Generated compound index 30 decorating the input scaffold with a new fragment using GenMol
smi_31,string,,Generated compound index 31 decorating the input scaffold with a new fragment using GenMol
smi_32,string,,Generated compound index 32 decorating the input scaffold with a new fragment using GenMol
smi_33,string,,Generated compound index 33 decorating the input scaffold with a new fragment using GenMol
smi_34,string,,Generated compound index 34 decorating the input scaffold with a new fragment using GenMol
smi_35,string,,Generated compound index 35 decorating the input scaffold with a new fragment using GenMol
smi_36,string,,Generated compound index 36 decorating the input scaffold with a new fragment using GenMol
smi_37,string,,Generated compound index 37 decorating the input scaffold with a new fragment using GenMol
smi_38,string,,Generated compound index 38 decorating the input scaffold with a new fragment using GenMol
smi_39,string,,Generated compound index 39 decorating the input scaffold with a new fragment using GenMol
smi_40,string,,Generated compound index 40 decorating the input scaffold with a new fragment using GenMol
smi_41,string,,Generated compound index 41 decorating the input scaffold with a new fragment using GenMol
smi_42,string,,Generated compound index 42 decorating the input scaffold with a new fragment using GenMol
smi_43,string,,Generated compound index 43 decorating the input scaffold with a new fragment using GenMol
smi_44,string,,Generated compound index 44 decorating the input scaffold with a new fragment using GenMol
smi_45,string,,Generated compound index 45 decorating the input scaffold with a new fragment using GenMol
smi_46,string,,Generated compound index 46 decorating the input scaffold with a new fragment using GenMol
smi_47,string,,Generated compound index 47 decorating the input scaffold with a new fragment using GenMol
smi_48,string,,Generated compound index 48 decorating the input scaffold with a new fragment using GenMol
smi_49,string,,Generated compound index 49 decorating the input scaffold with a new fragment using GenMol
smi_50,string,,Generated compound index 50 decorating the input scaffold with a new fragment using GenMol
smi_51,string,,Generated compound index 51 decorating the input scaffold with a new fragment using GenMol
smi_52,string,,Generated compound index 52 decorating the input scaffold with a new fragment using GenMol
smi_53,string,,Generated compound index 53 decorating the input scaffold with a new fragment using GenMol
smi_54,string,,Generated compound index 54 decorating the input scaffold with a new fragment using GenMol
smi_55,string,,Generated compound index 55 decorating the input scaffold with a new fragment using GenMol
smi_56,string,,Generated compound index 56 decorating the input scaffold with a new fragment using GenMol
smi_57,string,,Generated compound index 57 decorating the input scaffold with a new fragment using GenMol
smi_58,string,,Generated compound index 58 decorating the input scaffold with a new fragment using GenMol
smi_59,string,,Generated compound index 59 decorating the input scaffold with a new fragment using GenMol
smi_60,string,,Generated compound index 60 decorating the input scaffold with a new fragment using GenMol
smi_61,string,,Generated compound index 61 decorating the input scaffold with a new fragment using GenMol
smi_62,string,,Generated compound index 62 decorating the input scaffold with a new fragment using GenMol
smi_63,string,,Generated compound index 63 decorating the input scaffold with a new fragment using GenMol
smi_64,string,,Generated compound index 64 decorating the input scaffold with a new fragment using GenMol
smi_65,string,,Generated compound index 65 decorating the input scaffold with a new fragment using GenMol
smi_66,string,,Generated compound index 66 decorating the input scaffold with a new fragment using GenMol
smi_67,string,,Generated compound index 67 decorating the input scaffold with a new fragment using GenMol
smi_68,string,,Generated compound index 68 decorating the input scaffold with a new fragment using GenMol
smi_69,string,,Generated compound index 69 decorating the input scaffold with a new fragment using GenMol
smi_70,string,,Generated compound index 70 decorating the input scaffold with a new fragment using GenMol
smi_71,string,,Generated compound index 71 decorating the input scaffold with a new fragment using GenMol
smi_72,string,,Generated compound index 72 decorating the input scaffold with a new fragment using GenMol
smi_73,string,,Generated compound index 73 decorating the input scaffold with a new fragment using GenMol
smi_74,string,,Generated compound index 74 decorating the input scaffold with a new fragment using GenMol
smi_75,string,,Generated compound index 75 decorating the input scaffold with a new fragment using GenMol
smi_76,string,,Generated compound index 76 decorating the input scaffold with a new fragment using GenMol
smi_77,string,,Generated compound index 77 decorating the input scaffold with a new fragment using GenMol
smi_78,string,,Generated compound index 78 decorating the input scaffold with a new fragment using GenMol
smi_79,string,,Generated compound index 79 decorating the input scaffold with a new fragment using GenMol
smi_80,string,,Generated compound index 80 decorating the input scaffold with a new fragment using GenMol
smi_81,string,,Generated compound index 81 decorating the input scaffold with a new fragment using GenMol
smi_82,string,,Generated compound index 82 decorating the input scaffold with a new fragment using GenMol
smi_83,string,,Generated compound index 83 decorating the input scaffold with a new fragment using GenMol
smi_84,string,,Generated compound index 84 decorating the input scaffold with a new fragment using GenMol
smi_85,string,,Generated compound index 85 decorating the input scaffold with a new fragment using GenMol
smi_86,string,,Generated compound index 86 decorating the input scaffold with a new fragment using GenMol
smi_87,string,,Generated compound index 87 decorating the input scaffold with a new fragment using GenMol
smi_88,string,,Generated compound index 88 decorating the input scaffold with a new fragment using GenMol
smi_89,string,,Generated compound index 89 decorating the input scaffold with a new fragment using GenMol
smi_90,string,,Generated compound index 90 decorating the input scaffold with a new fragment using GenMol
smi_91,string,,Generated compound index 91 decorating the input scaffold with a new fragment using GenMol
smi_92,string,,Generated compound index 92 decorating the input scaffold with a new fragment using GenMol
smi_93,string,,Generated compound index 93 decorating the input scaffold with a new fragment using GenMol
smi_94,string,,Generated compound index 94 decorating the input scaffold with a new fragment using GenMol
smi_95,string,,Generated compound index 95 decorating the input scaffold with a new fragment using GenMol
smi_96,string,,Generated compound index 96 decorating the input scaffold with a new fragment using GenMol
smi_97,string,,Generated compound index 97 decorating the input scaffold with a new fragment using GenMol
smi_98,string,,Generated compound index 98 decorating the input scaffold with a new fragment using GenMol
smi_99,string,,Generated compound index 99 decorating the input scaffold with a new fragment using GenMol
